org_id,name,band,callsign,tagline,network_name,eformat,estatus,music_only
5,Kansas Public Radio,FM,KANU,"Your place for classical, jazz and NPR news.",Kansas Public Radio,,1,False
103,KMUW | NPR for Wichita,FM,KMUW,KMUW | NPR for Wichita,,Public Radio,1,False
165,89.9 FM KRPS,FM,KRPS,Four States Public Radio ,,Public Radio,1,False
84,Radio Kansas,FM,KHCC,Listener-supported Public Radio,Radio Kansas,,1,False
9,High Plains Public Radio,FM,KANZ,"In touch with the world, at home on the High Plains.",High Plains Public Radio,,1,False
213,KUER 90.1,FM,KUER,NPR Utah,,Public Radio,1,False
250,Utah Public Radio,FM,KUSU,Utah Public Radio,Utah Public Radio,,1,False
1511,KUSL-FM,FM,KUSL,,,Public Radio,1,False
974,Nevada Public Radio,FM,KSGU,Nevada Public Radio,Nevada Public Radio,,1,False
146,KPCW,FM,KPCW,Listen Like a Local,,Public Radio,1,False
1510,KUSK-FM,FM,KUSK,,,Public Radio,1,False
1267,KRCL,FM,KRCL,Community Connection - Music Discovery,,Variety,1,True
1513,KCEU-FM,FM,KCEU,,,Public Radio,1,False
1512,KUST-FM,FM,KUST,,,Public Radio,1,False
135,Oregon Public Broadcasting,FM,KOPB,News. Arts. Life.,Oregon Public Broadcasting,,1,False
96,KLCC,FM,KLCC,NPR for Oregonians,,Public Radio,1,False
181,Jefferson Public Radio,FM,KSMF,Jefferson Public Radio,Jefferson Public Radio,,1,False
756,Coast Community Radio,FM,KMUN,Serving the Lower Columbia Pacific region - Local & Independent since 1983,,Public Radio,1,False
1014,Coast Community Radio,FM,KCPB,Serving the Lower Columbia Pacific region - Local & Independent since 1983,,Public Radio,1,False
1562,KHEC-FM,FM,KHEC,,,Classical,1,True
1729,KWCA-FM,FM,KWCA,,,Hot AC,1,True
1117,Oregon Public Broadcasting,FM,KMHD,Jazz Radio,,Jazz,15,True
305,WAMU 88.5,FM,WAMU,,,Public Radio,1,False
372,Classical WETA,FM,WETA,Classical for Washington,,Classical,1,True
81,KGOU,FM,KGOU,Your NPR Source,,Public Radio,1,False
276,Public Radio Tulsa,FM,KWGS,Public Radio 89.5 from The University of Tulsa,,Public Radio,1,False
138,KOSU,FM,KOSU,Uniquely Oklahoma,,Public Radio,1,False
28,KCCU,FM,KCCU,Your Public Radio Station,,Public Radio,1,False
1575,KQOU-FM,FM,KQOU,,,Public Radio,1,False
920,Public Radio Tulsa,FM,KWTU,Classical 88.7 from The University of Tulsa,,Classical,1,True
227,KUNM,FM,KUNM,A Public Service Of The University Of New Mexico,,Public Radio,1,False
7,KANW New Mexico Public Media,FM,KANW,KANW New Mexico Public Media,,Public Radio,1,False
167,KRWG,FM,KRWG,News That Matters,,Public Radio,1,False
75,KENW,FM,KENW,Public Radio for Eastern New Mexico and West Texas,,Public Radio,1,False
1535,KUSW-FM,FM,KUSW,,,Public Radio,1,False
1718,KANM-FM,FM,KANM,,,Public Radio,1,False
1536,KUUT-FM,FM,KUUT,,,Public Radio,1,False
711,WWNO - New Orleans Public Radio,FM,WWNO,"NPR news, music and culture for New Orleans and Southeast Louisiana.",,Public Radio,1,False
595,WRKF,FM,WRKF,40 years of NPR for Baton Rouge.,WRKF,,1,False
166,KRVS,FM,KRVS,Radio Acadie,,Public Radio,1,False
62,Red River Radio,FM,KDAQ,Your source for great music and in-depth news.,Red River Radio,,1,False
66,KEDM Public Radio,FM,KEDM,"NPR News, Classical and Jazz in the Delta",,Public Radio,1,False
232,KUOW,FM,KUOW,Sound stories. Sound voices.,KUOW,,1,False
148,KNKX Public Radio,FM,KNKX,"Connecting you to jazz, blues and NPR news",,Public Radio,1,False
141,Spokane Public Radio,FM,KPBX,"Spokane Public Radio, stations KPBX, KSFC, KPBZ",Spokane Public Radio,,1,False
143,KSFC Spokane Public Radio,FM,KSFC,"Spokane Public Radio, stations KPBX, KSFC, KPBZ",,Public Radio,1,False
282,Northwest Public Broadcasting,FM,KWWS,NPR News,,Public Radio,1,False
158,NWPB Classical,FM,KFAE,NPR and Classical Music,,Public Radio,1,False
280,Northwest Public Broadcasting,FM,KLWS,NPR News,,Public Radio,1,False
161,NWPB Classical,FM,KNWR,NPR and Classical Music,,Public Radio,1,False
1174,Northwest Public Broadcasting,FM,KSWS,NPR News,,Public Radio,1,False
279,Northwest Public Broadcasting,AM,KWSU,NPR News,,Public Radio,1,False
164,NWPB Classical,FM,KZAZ,NPR and Classical Music,,Classical,1,True
163,NWPB Classical,FM,KNWY,NPR and Classical Music,,Public Radio,1,False
160,NWPB Classical,FM,KNWP,NPR and Classical Music,,Public Radio,1,False
838,Northwest Public Broadcasting,FM,KMWS,NPR News,,Public Radio,1,False
281,Northwest Public Broadcasting,FM,KQWS,NPR News,,Public Radio,1,False
162,NWPB Classical,FM,KNWV,NPR and Classical Music,,Public Radio,1,False
1334,NWPB Classical,FM,KHNW,NPR and Classical Music,,Public Radio,1,False
1404,KJEM,FM,KJEM,KJEM Jazz,,Jazz,1,True
1442,KPBZ Spokane Public Radio,FM,KPBZ,,,Public Radio,1,False
1405,NWPB Classical,FM,KNWU,NPR and Classical Music,,Public Radio,1,False
79,KEXP,FM,KEXP,Where the Music Matters,,Public Radio,1,False
1171,NWPB Classical,FM,KVTI,NPR and Classical Music,,Public Radio,15,False
1350,Northwest Public Broadcasting,FM,KYVT,NPR News,,Public Radio,15,False
554,WNYC Radio,FM,WNYC,New York Public Radio,WNYC Radio,,1,False
298,WAMC Northeast Public Radio,FM,WAMC,WAMC/Northeast Public Radio,WAMC Northeast Public Radio,,1,False
553,WNYC Radio - AM ,AM,WNYC,New York Public Radio,,Public Radio,1,False
310,WBFO,FM,WBFO,Your NPR Station,,Public Radio,1,False
604,WRVO,FM,WRVO,Your Source for NPR News,WRVO,,1,False
619,WSKG,FM,WSKG,"Trusted News, Thoughtful Conversations",WSKG,,1,False
721,WXXI News,AM,WXXI,"Rochester and the Finger Lakes home for news, information, and NPR",WXXI News,,1,False
613,WSHU,FM,WSUF,NPR News and Classical Music,WSHU,,1,False
296,WAER,FM,WAER,Your Local NPR Station from Syracuse University,,Public Radio,1,False
555,WNYE,FM,WNYE,"WNYE-FM, New York",,Public Radio,1,False
393,WFUV,FM,WFUV,Listener Supported Public Media from Fordham University in New York City,,Adult Album Alternative,1,True
575,WPPB,FM,WPPB,Long Island's Only NPR Station,WPPB,,1,False
503,WMHT,FM,WMHT,Community. Culture. Connections. Life Amplified.,,Classical,1,True
632,NCPR,FM,WXLU,North Country Public Radio,NCPR,,1,False
1041,WRVO,FM,WSUC,Your Source for NPR News,,College,1,True
722,Classical 91.5 WXXI-FM,FM,WXXI,Perfectly tuned to your day,,Classical,1,True
624,WSKG Classical,FM,WSQX,Music and More,,Classical,1,True
958,WEXT,FM,WEXT,Leave Regular Radio Behind,,Adult Album Alternative,1,True
1031,VPR Classical,FM,WOXR,VPR Classical on WOXR Schuyler Falls/Burlington 90.9FM,,Classical,1,True
1547,WMVQ-FM,FM,WMVQ,,,Public Radio,1,False
1244,WNJY Radio - FM,FM,WNJY,New York Public Radio,,Public Radio,1,False
1245,WNJO Radio - FM ,FM,WNJO,New York Public Radio,,Public Radio,1,False
510,MPB Think Radio,FM,WMPN,Mississippi is our Mission.,,Public Radio,1,False
460,WJSU,FM,WJSU,"WJSU is ""Cool and Current""",,Jazz,1,True
582,WPRL,FM,WPRL,Alcorn Public Radio,,Public Radio,1,False
670,WURC,FM,WURC,Your station that cares,,Public Radio,1,False
256,Wyoming Public Radio,FM,KUWR,Wyoming Public Media Statewide Network,Wyoming Public Radio,,1,False
1546,KEUW-FM,FM,KEUW,,,Public Radio,1,False
1544,KUWW-FM,FM,KUWW,,,Public Radio,1,False
1056,Yellowstone Public Radio,FM,KPRQ,Yellowstone Public Radio,Yellowstone Public Radio,,1,False
1543,KZUW-FM,FM,KZUW,,,Classical,1,True
1537,KUWE-FM,FM,KUWE,,,Public Radio,1,False
1538,KUWV-FM,FM,KUWV,,,Public Radio,1,False
692,Vermont Public Radio,FM,WVPS,,Vermont Public Radio,,1,False
894,VPR Classical,FM,WNCH,VPR Classical on WNCH Norwich 88.1FM,,Classical,1,True
1003,VPR Classical,FM,WVTQ,VPR Classical on WVTQ Sunderland/Manchester 95.1FM,,Classical,1,True
1176,VPR Classical,FM,WVXR,VPR Classical on WVXR Randolph 102.1FM,,Classical,1,True
1163,VPR Classical,FM,WOXM,VPR Classical on WOXM Middlebury 90.1FM,,Classical,1,True
1370,VPR Classical,FM,WVNK,VPR Classical on 91.1FM in Manchester.,,Classical,1,True
1490,VPR Classical,FM,WOXM,VPR Classical on WVXM Middlebury 90.1 FM,,Classical,1,True
1116,VPR Classical,FM,WVTI,VPR Classical on WVTI Island Pond/Brighton 106.9FM,,Classical,1,True
1091,NCPR,FM,WXLQ,North Country Public Radio,NCPR,,1,False
1333,Delaware Public Media,FM,WDDE,Delaware's NPR News station,,Public Radio,1,False
600,WRTI Your Classical and Jazz Source,FM,WRTX,Your Member-Supported Classical & Jazz Source,WRTI Your Classical and Jazz Source,,1,False
1420,WMPH-FM,FM,WMPH,,,Grade School (K-12),15,False
215,Montana Public Radio,FM,KUFM,Learn something new every day.,Montana Public Radio,,1,False
71,Yellowstone Public Radio,FM,KEMC,Yellowstone Public Radio,Yellowstone Public Radio,,1,False
388,89.3 WFPL News Louisville,FM,WFPL,News Louisville,,Public Radio,1,False
362,WEKU,FM,WEKU,NPR For Central And Eastern Kentucky,,Public Radio,1,False
466,WKMS,FM,WKMS,"Listener Supported Public Radio from Murray State. Serving Western Kentucky, Northwestern Tennessee, and Southern Illinois.",,Public Radio,1,False
655,WUKY,FM,WUKY,NPR Rocks @ 91.3,,Public Radio,1,False
476,WKU Public Radio,FM,WKYU,WKU Public Radio,WKU Public Radio,,1,False
505,Morehead State Public Radio,FM,WMKY,Morehead State's Public Radio - From the Bluegrass to the Mountains,,Public Radio,1,False
1080,90.5 WUOL Classical Louisville,FM,WUOL,Classical Louisville,,Classical,12,True
387,91.9 WFPK Independent Louisville,FM,WFPK,Independent Louisville,,Adult Album Alternative,12,True
698,RADIO IQ ,FM,WVTF,Virginia's NPR News Station,RADIO IQ ,,1,False
430,WHRV,FM,WHRV,Public Radio for Eastern Virginia,,Public Radio,1,False
356,VPM,FM,WCVE,Virginia's home for Public Media,,Public Radio,1,False
518,WMRA,FM,WMRA,"More News, Less Noise",,Public Radio,1,False
1487,WNRN,FM,WNRN,Independent Music Radio,,Variety,1,True
1579,WBBT-FM,FM,WBBT,,,Classical,1,True
431,WHRO,FM,WHRO,Virginia's Classic Sound,,Classical,1,True
1578,WWLB-FM,FM,WWLB,,,Classical,1,True
870,WVTF Music,FM,WWVT,Virginia's NPR Music Station,,Classical,1,True
1233,WHRO,FM,WHRJ,Virginia's Classic Sound!,,Classical,1,True
1439,WHRF-FM,FM,WHRF,,,Classical,1,True
702,WVTF Music,AM,WWVT,Virginia's NPR Music Station,,Public Radio,1,False
1024,WMRA,FM,WEMC,The Valley's Source for Classical Music,,Classical,15,True
78,KERA,FM,KERA,"NPR, News and Information for North Texas",KERA,,1,False
252,KUT 90.5,FM,KUT,Austin's NPR Station,,Public Radio,1,False
220,Houston Public Media News 88.7,FM,KUHF,Public Media for Houston ,,Public Radio,1,False
189,Texas Public Radio,FM,KSTX,Hear Yourself Think,Texas Public Radio,,1,False
194,KTEP,FM,KTEP,Your NPR Station for the Southwest,,Public Radio,1,False
68,KEDT,FM,KEDT,Your Community-owned station  ,KEDT,,1,False
1131,KXT 91.7,FM,KKXT,,,Adult Album Alternative,1,True
3,KAMU,FM,KAMU,Public Media for the Brazos Valley - The Quality Choice,,Public Radio,1,False
275,KWBU,FM,KWBU,103.3 Waco Public Radio,,Public Radio,1,False
133,KTTZ 89.1FM,FM,KTTZ,Texas Tech Public Media,,Public Radio,1,False
932,High Plains Public Radio,FM,KJJP,"In touch with the world, at home on the High Plains.",High Plains Public Radio,,1,False
271,KVLU,FM,KVLU,Supported by listeners like you,,Public Radio,1,False
757,KACU,FM,KACU,Abilene Public Radio,,Public Radio,1,False
758,Marfa Public Radio,FM,KXWT,Radio for a Wide Range,Marfa Public Radio,Public Radio,1,False
888,88.9 KETR,FM,KETR,Your Station,,Public Radio,1,False
1280,KUTX 98.9,FM,KUTX,The Austin Music Experience,,Adult Album Alternative,1,True
64,Red River Radio,FM,KLDN,Your source for great music and in-depth news.,Red River Radio,,1,False
1161,KTTZ,FM,KNCH,Texas Tech Public Broadcasting,,Public Radio,1,False
869,KCCU,FM,KMCU,Your Public Radio Station,KCCU,Public Radio,1,False
765,KPVU,FM,KPVU,Prairie View A&M University,,Public Radio,1,False
1532,KRTP-FM,FM,KRTP,,,Public Radio,1,False
1450,KXBT-FM,FM,KXBT,,,Adult Album Alternative,1,True
1531,KDKY-FM,FM,KDKY,,,Public Radio,1,False
1721,KOJP-FM,FM,KOJP,,,Public Radio,1,False
1181,KAMU,FM,KTRL,Public Media for the Brazos Valley - The Quality Choice,,Public Radio,15,False
330,WBUR,FM,WBUR,Boston's NPR News Station,WBUR,,1,False
396,WGBH Radio,FM,WGBH,Listen Live: Boston's Local NPR,WGBH Radio,,1,False
382,New England Public Radio,FM,WFCR,Listen Up.,,Public Radio,1,False
397,WCAI,FM,WCAI,"Local NPR for the Cape, the Coast, and the Islands",,Public Radio,1,False
300,WAMC Northeast Public Radio,FM,WAMQ,WAMC/Northeast Public Radio,WAMC Northeast Public Radio,,1,False
1142,WCRB,FM,WCRB,Classical Radio Boston,,Classical,1,True
1458,Nantucket Public Radio,FM,WNCK,The Cape and Islands NPR Stations,,Public Radio,1,False
1474,WMVY-FM,FM,WMVY,mvyradio - Martha's Vineyard & The World,,Adult Album Alternative,1,True
1716,WERS,FM,WERS,new.music.discovery,,College,1,True
1581,WBUH-FM,FM,WBUH,,,Public Radio,1,False
168809220,WGBH,,WGBH,"89.7, WGBH - Boston Public Radio",,Public Radio,1,False
398,WCAI,FM,WNAN,"Local NPR for the Cape, the Coast, and the Islands",,Public Radio,1,False
1040,WCAI,FM,WZAI,"Local NPR for the Cape, the Coast, and the Islands",,Public Radio,1,False
1095,WHDD,FM,WBSL,Robin Hood Radio,WHDD,Public Radio,15,False
309,WBEZ Chicago,FM,WBEZ,Chicago’s NPR News Station,WBEZ Chicago,,1,False
529,Northern Public Radio,FM,WNIJ,Where You Learn Something New Every Day,Northern Public Radio,,1,False
653,NPR Illinois | 91.9 UIS,FM,WUIS,Stand with the Facts,,Public Radio,1,False
402,WGLT,FM,WGLT,Bloomington-Normal's Public Media,,Public Radio,1,False
440,Illinois Public Media - WILL,AM,WILL,News and NPR for Downstate Illinois,Illinois Public Media - WILL,,1,False
339,WCBU,FM,WCBU,Peoria Public Radio,,Public Radio,1,False
679,"WVIK, Quad Cities NPR",FM,WVIK,"News, Music, Arts, Culture",,Public Radio,1,False
441,WILL-FM,FM,WILL,Music and Performance,,Classical,1,True
615,WSIU Public Radio,FM,WSIU,Powered by You,,Public Radio,1,False
444,Tri States Public Radio,FM,WIUM,"Serving west central Illinois, southeast Iowa and northeast Missouri with NPR news and diverse music.",Tri States Public Radio,,1,False
593,St. Louis Public Radio,FM,WQUB,,St. Louis Public Radio,Public Radio,1,False
1559,WBEK-FM,FM,WBEK,,,Public Radio,1,False
534,Northern Public Radio,FM,WNIU,Northern Public Radio,,Classical,1,True
614,WSIE,FM,WSIE,"WSIE, 88.7 The Sound",,Jazz,1,True
967,Wisconsin Public Radio,FM,WEPS,Wisconsin Public Radio,Wisconsin Public Radio,,15,False
95,KJZZ,FM,KJZZ,"Your News and Information Station: Informed, Accurate, Credible",,Public Radio,1,False
201,Arizona Public Media,FM,KUAZ,Your Source for NPR News and Genuine Jazz,Arizona Public Media,,1,False
105,KNAU News Talk,FM,KNAU,Arizona Public Radio,KNAU News Talk,,1,False
13,KAWC,FM,KAWC,Colorado River Public Media,,Public Radio,1,False
1717,KUAS-FM,FM,KUAS,,,Public Radio,1,False
12,KOFA,AM,KOFA,Border Radio,,Public Radio,1,False
896,KUAT,FM,KUAT,Southern Arizona's Classical Music Station,,Classical,12,True
433,WHYY,FM,WHYY,"Public Media serving Southeastern Pennsylvania, Delaware, South Jersey and the world",WHYY,,1,False
360,90.5 WESA,FM,WESA,Pittsburgh's NPR News Station,,Public Radio,1,False
442,WITF,FM,WITF,Your Home for NPR News and All Things Regional,,Public Radio,1,False
715,XPN,FM,WXPN,Vinyl at heart,,Adult Album Alternative,1,True
678,WVIA,FM,WVIA,Your Arts and Information Station,WVIA,,1,False
584,WPSU,FM,WPSU,Penn State Public Media,WPSU,,1,False
597,WRTI Your Classical and Jazz Source,FM,WRTI,Your Member-Supported Classical & Jazz Source,WRTI Your Classical and Jazz Source,,1,False
359,WDIY,FM,WDIY,Lehigh Valley Public Radio,,Public Radio,1,False
592,WQLN,FM,WQLN,Learning Brought To Life,WQLN,,1,False
717,XPN,FM,WXPH,It's All About the Music,,Adult Album Alternative,1,True
1044,WWFM The Classical Network,FM,WWPJ,,,Classical,1,True
1720,WLVR News,FM,WLVR,Your Local NPR News Source,,Public Radio,1,False
1719,WVBU-FM,FM,WVBU,,,College,1,True
724,WYEP,FM,WYEP,Where the Music Matters,,Adult Album Alternative,1,True
33,CPR News,FM,KCFR,From Colorado Public Radio,CPR News,,1,False
223,KUNC,FM,KUNC,Community Radio for Northern Colorado,,Public Radio,1,False
154,91.5 KRCC,FM,KRCC,Southern Colorado's NPR station.,,Public Radio,1,False
192,Four Corners Public Radio,FM,KSUT,Four Corners Public Radio,,Public Radio,1,False
747,Aspen Public Radio ,FM,KAJX,NPR News for Aspen and the Valley,,Public Radio,1,False
254,KUVO ,FM,KUVO,"Community, Culture, Music",,Jazz,1,True
752,KVNF - Mountain Grown Community Radio,FM,KVNF, Mountain Grown Community Radio,,Public Radio,1,False
749,KDNK,FM,KDNK,Carbondale Community Access Radio,,Public Radio,1,False
1528,The Colorado Sound,FM,KJAC,The Colorado Sound,,Adult Album Alternative,1,True
751,KBUT,FM,KBUT,Community Radio for the Gunnison Valley,,Public Radio,1,False
847,Four Corners Public Radio,FM,KUTE,Four Corners Public Radio,Four Corners Public Radio,,1,False
750,KSJD,FM,KSJD,Ideas. Stories. Community.,,Public Radio,1,False
1534,KDNG-FM,FM,KDNG,,,Public Radio,1,False
1410,High Plains Public Radio,FM,KCSE,"In touch with the world, at home on the High Plains.",High Plains Public Radio,,1,False
1438,KVJZ-FM,FM,KVJZ,,,Jazz,1,True
1507,Indie 102.3,FM,KVOQ,Music Matters,,Adult Album Alternative,1,True
1515,Indie 102.3,FM,KVXO,Music Matters,,Classical,1,True
1529,KCCS-FM,FM,KCCS,,,Public Radio,1,False
1533,KPGS-FM,FM,KPGS,,,Public Radio,1,False
1566,KXRE-AM,AM,KXRE,,,Public Radio,1,False
35,CPR Classical,FM,KCFP,,,Classical,1,True
40,CPR Classical,FM,KPRU,,,Classical,1,True
41,CPR Classical,FM,KVOD,From Colorado Public Radio,,Classical,1,True
970,CPR Classical,FM,KVOV,,,Classical,1,True
558,Iowa Public Radio News,FM,WOI,Iowa Public Radio enriches the civic and cultural life in Iowa through high quality news and cultural programming.,Iowa Public Radio News,,1,False
277,KWIT,FM,KWIT,A station for everyone,,Public Radio,1,False
1421,Classical MPR,FM,KLCD,Member supported,,Classical,1,True
115,MPR News,FM,KLNI,Discovering what matters. Member supported.,MPR News,,1,False
1291,Iowa Public Radio Classical,FM,KICP,"Iowa Public Radio informs, enriches and engages Iowans through high quality news and cultural programming.",,Classical,1,True
1292,Iowa Public Radio Classical,FM,KICL,"Iowa Public Radio informs, enriches and engages Iowans through high quality news and cultural programming.",,Classical,1,True
1378,Iowa Public Radio Classical,FM,KICG,"Iowa Public Radio informs, enriches and engages Iowans through high quality news and cultural programming.",,Classical,1,True
1106,Iowa Public Radio Classical,FM,KICW,"Iowa Public Radio informs, enriches and engages Iowans through high quality news and cultural programming.",,Classical,1,True
226,Iowa Public Radio Studio One,FM,KNSM,"Iowa Public Radio informs, enriches and engages Iowans through high quality news and cultural programming.",,Public Radio,15,False
1029,Iowa Public Radio,FM,KSUI,Iowa Public Radio enriches the civic and cultural life in Iowa through high quality news and cultural programming.,,Classical,15,True
1020,Iowa Public Radio Classical,FM,KHKE,Iowa Public Radio enriches the civic and cultural life in Iowa through high quality news and cultural programming.,,Classical,15,True
987,Iowa Public Radio Classical,FM,KICJ,"Iowa Public Radio informs, enriches and engages Iowans through high quality news and cultural programming.",,Classical,15,True
314,WBGO,FM,WBGO,The Jazz Source,WBGO,,1,False
1243,WNJT Radio - FM,FM,WNJT,New York Public Radio,,Public Radio,1,False
1130,WQXR Radio,FM,WQXR,The Classical Music Station of NYC,,Classical,1,True
781,WNTI,FM,WXPJ,Public Radio from Centenary College,,Adult Album Alternative,1,True
918,WWFM The Classical Network,FM,WWFM,WWFM The Classical Network,,Classical,1,True
599,WRTI Your Classical and Jazz Source,FM,WRTQ,Your Member-Supported Classical & Jazz Source,WRTI Your Classical and Jazz Source,,1,False
977,WWFM The Classical Network,FM,WWNJ,WWFM The Classical Network,,Classical,1,True
978,WWFM The Classical Network,FM,WWCJ,WWFM The Classical Network,,Classical,1,True
317,90.5 The Night,FM,WBJB,90.5 The Night,,Adult Album Alternative,1,True
539,WHYY,FM,WNJN,"Public Media serving Southeastern Pennsylvania, Delaware, South Jersey and the world",WHYY,,1,False
540,WNJP Radio - FM,FM,WNJP,New York Public Radio,,Public Radio,1,False
238,SDPB Radio,FM,KUSD,Learn. Dream. Grow.,SDPB Radio,,1,False
830,Classical MPR,FM,KRSD,Member supported,,Classical,1,True
60,KCUR 89.3,FM,KCUR,Listen and discover.,,Public Radio,1,False
278,St. Louis Public Radio,FM,KWMU,,,Public Radio,1,False
17,KBIA,FM,KBIA,Mid-Missouri's NPR station.,,Public Radio,1,False
170,KSMU,FM,KSMU,"On the Web, On the Air, and Where You Live",,Public Radio,1,False
193,The Bridge,FM,KTBG,Turn On. Tune In. Listen Local.,,Adult Album Alternative,1,True
155,KRCU Public Radio,FM,KRCU,Southeast Missouri's NPR station,,Public Radio,1,False
283,KXCV,FM,KXCV,Public Radio from Northwest Missouri State University,,Public Radio,1,False
675,WUWM 89.7 FM - Milwaukee's NPR,FM,WUWM,,WUWM 89.7 FM - Milwaukee's NPR,,1,False
366,Wisconsin Public Radio,FM,WERN,Wisconsin Public Radio,Wisconsin Public Radio,,1,False
718,WXPR,FM,WXPR,Local. Public. Radio.,,Public Radio,1,False
921,88Nine Radio Milwaukee,FM,WYMS,Discover New Music,,Adult Album Alternative,1,True
295,WABE 90.1,FM,WABE,Where ATL Meets NPR,,Public Radio,1,False
635,Georgia Public Broadcasting,FM,WSVH,Your Source for State & NPR News,Georgia Public Broadcasting,,1,False
652,WUGA,FM,WUGA,Your source for NPR News and great music.,,Public Radio,1,False
340,Jazz 91.9 WCLK,FM,WCLK,The Jazz of the City,,Jazz,1,True
644,Troy Public Radio,FM,WTJB,It's Time to Listen.,Troy Public Radio,,1,False
975,WFSU,FM,WFSL,Your Classical Music Source,,Classical,1,True
394,WFYI Public Radio,FM,WFYI,Indiana's Premier NPR & PBS Member Station,,Public Radio,1,False
385,WFIU,FM,WFIU,Indiana Public Media,,Public Radio,1,False
680,WVPE 88.1 Elkhart/South Bend,FM,WVPE,Inform. Entertain. Inspire.,,Public Radio,1,False
322,89.1 WBOI,FM,WBOI,NPR News and Diverse Music,89.1 WBOI,,1,False
533,WNIN,FM,WNIN,Building a Better Tri-State Together,,Public Radio,1,False
324,Indiana Public Radio,FM,WBST,Your Local Source for Classical Music and NPR News,Indiana Public Radio,,1,False
306,WBAA Classical,FM,WBAA,Your Classical Companion for West Central Indiana & Worldwide,,Classical,1,True
307,WBAA News,AM,WBAA,Purdue University's NPR Station,,Public Radio,1,False
1088,Lakeshore Public Radio,FM,WLPR,Listener supported public radio in Northwest Indiana.,,Public Radio,1,False
321,94.1 WBNI,FM,WBNI,"Classical Music | Fort Wayne, Indiana",,Classical,1,True
842,WBEZ Chicago,FM,WBEW,Chicago’s NPR News Station,WBEZ Chicago,,1,False
984,WVUB,FM,WVUB,Vincennes University Broadcasting,,Hot AC,1,True
94,KIOS,FM,KIOS,Omaha Public Radio,,Public Radio,1,False
204,NET Radio,FM,KUCV,Nebraska's NPR Station,NET Radio,,1,False
315,WBHM 90.3 FM,FM,WBHM,Public Radio for the Heart of Alabama,,Public Radio,1,False
480,WLRH 89.3 FM/HD,FM,WLRH,Huntsville Public Radio for the Tennessee Valley,,Public Radio,1,False
1229,Alabama Public Radio,FM,WHIL,We are Alabama Public Radio,Alabama Public Radio,,1,False
642,Troy Public Radio,FM,WTSU,It's Time to Listen.,Troy Public Radio,,1,False
446,WJAB,FM,WJAB,"Hot Blues, Cool Jazz",,Jazz,1,True
676,WVAS,FM,WVAS,"Jazz, Blues, News and Views",,Jazz,1,True
547,Connecticut Public Radio,FM,WNPR,Media for the curious.,Connecticut Public Radio,,1,False
611,WSHU,FM,WSHU,NPR News and Classical Music,WSHU,,1,False
1072,WHDD,FM,WHDD,Robin Hood Radio,,Public Radio,1,False
47,Prairie Public Broadcasting,FM,KCND,Prairie Public,Prairie Public Broadcasting,,1,False
88,Hawaii Public Radio,FM,KHPR,"Radio with vision, listen and see",Hawaii Public Radio,,1,False
90,Hawaii Public Radio,FM,KIPO,"Radio with vision, listen and see",,Classical,1,True
1346,Hawaii Public Radio,FM,KIPH,"Radio with vision, listen and see",,Public Radio,1,False
1347,Hawaii Public Radio,FM,KIPM,"Radio with vision, listen and see",,Classical,1,True
1412,Hawaii Public Radio,FM,KAHU,"Radio with vision, listen and see",,Classical,1,True
151,KQED,FM,KQED,KQED Public Media,KQED,,1,False
145,KPCC,FM,KPCC,Southern California Public Radio,KPCC,,1,False
139,KPBS Radio,FM,KPBS,San Diego's NPR Station - Where News Matters,,Public Radio,1,False
55,KCRW,FM,KCRW,"NPR's flagship station for Southern California featuring an independent mix of eclectic music, news, art and talk programming.",,Public Radio,1,False
286,CapRadio News,FM,KXJZ,,,Public Radio,1,False
2,KALW,FM,KALW,Local Public Radio,,Public Radio,1,False
45,KCLU,FM,KCLU,NPR and Local News,,Public Radio,1,False
15,KAZU,FM,KAZU,NPR for the Monterey Bay Area,,Public Radio,1,False
270,KVCR,FM,KVCR,Learn something new every day.,,Public Radio,1,False
289,CapRadio News,FM,KUOP,,CapRadio News,,1,False
273,Valley Public Radio,FM,KVPR,Valley Public Radio - NPR News and classical music for Central California,Valley Public Radio,,1,False
27,KCBX,FM,KCBX,"Central Coast Public Radio, serving San Luis Obispo, Santa Barbara and Monterey Counties",,Public Radio,1,False
43,North State Public Radio,FM,KCHO,North State Public Radio,North State Public Radio,,1,False
92,KHSU,FM,KHSU,Diverse Public Radio,,Public Radio,1,False
175,Jefferson Public Radio,FM,KNCA,Jefferson Public Radio,Jefferson Public Radio,,1,False
288,CapRadio Music,FM,KXPR,,,Classical,1,True
292,Mendocino County Public Broadcasting,FM,KZYX,Mendocino County Public Broadcasting,Mendocino County Public Broadcasting,,1,False
59,KCSM,FM,KCSM,The Bay Area's Jazz Station,,Jazz,1,True
153,KRCB-FM,FM,KRCB,KRCB-FM Radio 91,,Public Radio,1,False
290,CapRadio,FM,KXSR,CapRadio Music ,,Classical,1,True
1565,KERW-FM,FM,KERW,,,Public Radio,1,False
999,CapRadio,FM,KXJS,CapRadio Music,,Classical,1,True
112,MPR News,FM,KNOW,Discovering what matters. Member supported.,MPR News,,1,False
818,Classical MPR,FM,KSJN,Member supported,,Classical,1,True
14,KAXE,FM,KAXE,Connecting you to Northern Minnesota.,,Public Radio,1,False
836,Minnesota Public Radio,FM,WSCD,Member supported.,,Classical,1,True
823,Classical MPR,FM,KCCM,Member supported.,,Classical,1,True
832,Classical MPR,FM,KSJR,member supported,,Classical,1,True
828,Classical MPR,FM,KLSE,member supported,,Classical,1,True
829,Classical MPR,FM,KQMN,Member supported,,Classical,1,True
831,Classical MPR,FM,KRSW,Member supported,,Classical,1,True
835,Classical MPR,FM,WMLS,Member supported,,Classical,1,True
113,Classical MPR,FM,KBPR,Member supported,,Classical,1,True
936,The Current,FM,KCMP,Great music lives here,,Adult Album Alternative,1,True
1064,The Current,FM,KMSE,Great music lives here.,,Adult Album Alternative,1,True
826,Classical MPR,FM,KGAC,Member supported,,Classical,1,True
824,Classical MPR,FM,KCMF,Member supported,,Classical,1,True
825,Classical MPR,FM,KCRB,Member supported,,Classical,1,True
834,Classical MPR,FM,WIRR,Member supported,,Classical,1,True
867,Classical MPR,FM,KRSU,Member supported,,Classical,1,True
578,WPLN,FM,WPLN,,WPLN,,1,False
669,WUOT,FM,WUOT,"Listener-Supported WUOT 91.9 FM, Knoxville",,Public Radio,1,False
672,WUTC,FM,WUTC,Chattanooga's NPR station,,Public Radio,1,False
467,WKNO,FM,WKNO,NPR for the Mid-South,,Public Radio,1,False
374,WETS,FM,WETS,"Public Radio for East Tennessee, Southwest Virginia & Western North Carolina",,Public Radio,1,False
508,WMOT,FM,WMOT,WMOT Roots Radio,,Americana,1,True
1271,91Classical,FM,WFCL,Nashville's home for classical music and the arts,,Classical,1,True
376,New Hampshire Public Radio,FM,WEVO,New Hampshire Public Radio,New Hampshire Public Radio,,1,False
1478,WCNH-FM,FM,WCNH,,,Classical,1,True
666,Michigan Radio,FM,WUOM,Michigan's NPR News Leader,Michigan Radio,,1,False
358,WDET 101.9 FM,FM,WDET,Detroit's Public Radio Station,,Public Radio,1,False
463,WKAR Public Media,FM,WKAR,from Michigan State University,WKAR Public Media,,1,False
412,WGVU News,FM,WGVU,WGVU News,WGVU News,,1,False
364,89.1 WEMU,FM,WEMU,Your Community NPR Station. ,,Public Radio,1,False
436,Interlochen Public Radio,FM,WICA,News and Classical Music from northern Michigan,Interlochen Public Radio,,1,False
523,WMUK,FM,WMUK,Public radio from Western Michigan University,,Public Radio,1,False
342,WCMU,FM,WCMU,Music and NPR News for Central and Northern Michigan,WCMU,,1,False
347,Q-90.1 FM,FM,WUCX,Quality Public Radio.,,Public Radio,1,False
545,"Public Radio 90, WNMU",FM,WNMU,,"Public Radio 90, WNMU",,1,False
319,Blue Lake Public Radio,FM,WBLU,Blue Lake Public Radio,Blue Lake Public Radio,Classical,1,True
124,MPR News,FM,WGGL,Discovering what matters. Member supported.,MPR News,,1,False
1282,Interlochen Public Radio,FM,WIAA,News and Classical Music from northern Michigan,,Classical,1,True
945,Interlochen Public Radio,FM,WIAB,Classical IPR,,Classical,1,True
410,WGVU AM - Real Oldies,AM,WGVU,"Music from the 50s, 60s, and 70s",,Oldies,1,True
411,WGVU AM - Real Oldies,AM,WGVS,"Real Oldies, the way they were meant to be heard",,Oldies,1,True
1585,WRSX-FM,FM,WRSX,,,Public Radio,15,False
128,Nevada Public Radio,FM,KNPR,Nevada Public Radio,Nevada Public Radio,,1,False
228,KUNR Public Radio,FM,KUNR,News and Information from Northern Nevada and the Eastern Sierra,,Public Radio,1,False
887,Classical Vegas,FM,KCNV,Classical 89.7 KCNV Nevada Public Radio,,Classical,1,True
812,Boise State Public Radio News,FM,KBSJ,Enriching Your Life,Boise State Public Radio News,,1,False
1561,Nevada Public Radio,FM,KVNV,Nevada Public Radio,,Public Radio,1,False
1560,KNCJ,FM,KNCJ,Nevada's Classical & Jazz,,Classical,1,True
661,North Carolina Public Radio,FM,WUNC,Bringing the World Home to You: North Carolina Public Radio - WUNC,,Public Radio,1,False
380,WFAE,FM,WFAE,Charlotte's NPR News Source,,Public Radio,1,False
383,88.5 WFDD - Public Radio For The Piedmont,FM,WFDD,Public Radio for the Piedmont,,Public Radio,1,False
354,BPR Classic,FM,WCQS,NPR for Western North Carolina,,Public Radio,1,False
429,WHQR,FM,WHQR,High Quality Radio,,Public Radio,1,False
525,WNCW,FM,WNCW,A Member Supported Public Radio Station Broadcasting a World of Music,,Public Radio,1,False
638,PRE News & Ideas,FM,WTEB,,PRE News & Ideas,,1,False
389,WFSS,FM,WFSS,Your Public Radio Station for NPR News and Jazz Music,,Public Radio,1,False
1084,BPR News,FM,WYQS,NPR for Western North Carolina,,Public Radio,1,False
357,WDAV,FM,WDAV,Classical Public Radio,,Classical,1,True
1273,WSGE-FM,FM,WSGE,Your Independent Music Source,,Public Radio,1,False
913,WSNC,FM,WSNC,What we play is life,,Jazz,1,True
763,WRVS,FM,WRVS,Your Community Voice,,Public Radio,1,False
524,WNCU,FM,WNCU,North Carolina Central University's Jazz and Information Station,,Jazz,1,True
872,WCPE - The Classical Station,FM,WCPE,"Great Classical Music, 24 Hours A Day",,Classical,1,True
1042,WCPE,FM,WZPE,"Great Classical Music, 24 Hours A Day.",,Classical,1,True
496,Maine Public,FM,WMEA,Stay connected with Maine Public!,Maine Public,,1,False
1574,WBQA-FM,FM,WBQA,,,Classical,1,True
1555,WBQE-FM,FM,WBQE,,,Classical,1,True
1549,Maine Public,FM,WBQF,,,Classical,1,True
26,Boise State Public Radio News,FM,KBSX,Enriching Your Life,Boise State Public Radio News,,1,False
157,NWPB Classical,FM,KRFA,NPR and Classical Music,,Public Radio,1,False
159,NWPB Classical,FM,KNWO,NPR and Classical Music,,Public Radio,1,False
1200,Spokane Public Radio,FM,KXJO,"Spokane Public Radio, stations KPBX, KSFC, KPBZ",,Public Radio,1,False
1443,Spokane Public Radio,FM,KLGG,"Spokane Public Radio, stations KPBX, KSFC, KPBZ",Spokane Public Radio,,1,False
833,Classical MPR,FM,KWRV,Member supported,,Classical,1,True
688,West Virginia Public Broadcasting,FM,WVPM,Telling West Virginia's Story,West Virginia Public Broadcasting,,1,False
1567,WVKM-FM,FM,WVKM,,,Public Radio,1,False
566,WOSU 89.7 NPR News,FM,WOSU,89.7 NPR News - Global. Local.,WOSU 89.7 NPR News,,1,False
353,90.3 WCPN ideastream,FM,WCPN,Northeast Ohio's NPR News Station,90.3 WCPN ideastream,,1,False
704,91.7 WVXU,FM,WVXU,Connecting You to a World of Ideas,91.7 WVXU,,1,False
471,WKSU,FM,WKSU,"Your Source for NPR, News and Information",,Public Radio,1,False
726,WYSO,FM,WYSO,Our Community. Our Nation. Our World.,,Public Radio,1,False
338,WCBE 90.5FM,FM,WCBE,"Central Ohio's NPR Station - Innovative, Provocative, Real",,Public Radio,1,False
404,WGTE,FM,WGTE,A trusted source for NPR News and a voice for the arts in Northwest Ohio and Southeast Michigan,WGTE,,1,False
569,WOUB Public Media,FM,WOUB,WOUB Public Media,WOUB Public Media,,1,False
727,WYSU,FM,WYSU,Radio you need to know.,,Public Radio,1,False
787,WCSU,FM,WCSU,Central State University,,Urban Contemporary,1,True
568,WOUB Public Media,AM,WOUB,Athens News and Music,,Public Radio,1,False
564,WOSU Public Media,FM,WOSP,"Classical Music All Day, Every Day",,Classical,1,True
565,WOSU Public Media,FM,WOSV,"Classical Music All Day, Every Day",,Classical,1,True
562,WOSU Public Media,FM,WOSB,"Classical Music All Day, Every Day",,Classical,1,True
563,WOSU Public Media,FM,WOSE,"Classical Music All Day, Every Day",,Classical,1,True
1197,Classical 101,FM,WOSA,"Classical Music All Day, Every Day",,Classical,12,True
1366,WCLV Classical 104.9 ideastream,FM,WCLV,Northeast Ohio's Classical Music Station,,Classical,15,True
482,WLRN 91.3 FM,FM,WLRN,WLRN Public Media,WLRN 91.3 FM,,1,False
671,WUSF Public Media - WUSF 89.7,FM,WUSF,"News, Information & All Night Jazz",,Public Radio,1,False
502,WMFE,FM,WMFE,Public Radio for Central Florida,,Public Radio,1,False
447,WJCT 89.9 FM Jacksonville,FM,WJCT,,,Public Radio,1,False
400,WGCU,FM,WGCU,WGCU Public Media,WGCU,,1,False
587,WQCS,FM,WQCS,NPR for the Treasure Coast.,,Public Radio,1,False
390,WFSU,FM,WFSU,Your News & Information Station,,Public Radio,1,False
650,WUFT 89.1,FM,WUFT,NPR News and Talk for Gainesville and Ocala,,Public Radio,1,False
673,WUWF,FM,WUWF,NPR for Florida's Great Northwest,,Public Radio,1,False
384,WFIT,FM,WFIT,Public Radio for The Florida Space Coast,,Public Radio,1,False
1577,WMFV-FM,FM,WMFV,"Serving The Villages, Leesburg and The Golden Triangle areas of Central Florida",,Public Radio,1,False
651,WUFT 90.1,FM,WJUF,NPR News & Talk for the Nature Coast and The Villages,,Public Radio,1,False
1184,Classical WSMR,FM,WSMR,Classical WSMR 89.1 & 103.9,,Classical,1,True
464,WKGC,FM,WKGC,Here When You Need Us,,Public Radio,1,False
649,WUCF FM,FM,WUCF,89.9 Jazz & More,,Jazz,1,True
391,WFSQ,FM,WFSQ,Your Classical Music Source,,Classical,1,True
507,WMNF,FM,WMNF,Community Conscious Radio,,Public Radio,1,False
488,South Carolina Public Radio,FM,WEPR,South Carolina Public Radio,South Carolina Public Radio,,1,False
778,WSSB,FM,WSSB,South Carolina's Jazz Station,,Jazz,1,True
199,KUAR,FM,KUAR,News And Culture For Arkansas,KUAR,,1,False
197,KUAF,FM,KUAF,KUAF - Your indispensable connection to the world,,Public Radio,1,False
11,KASU,FM,KASU,"Music, News, Arts, and Views",,Public Radio,1,False
63,Red River Radio,FM,KBSA,Your source for great music and in-depth news.,Red River Radio,,1,False
200,KLRE,FM,KLRE,Classical Music For Central Arkansas,,Classical,1,True
725,WYPR - 88.1 FM Baltimore,FM,WYPR,WYPR 88.1 FM Your NPR News Station,,Public Radio,1,False
1162,WAMU 88.5,FM,WRAU,,WAMU 88.5,Public Radio,1,False
361,WEAA,FM,WEAA,WEAA 88.9 FM The Voice Of The Community,,Jazz,1,True
608,Delmarva Public Radio,FM,WSCL,Fine Arts and Culture,,Classical,1,True
371,WESM 91.3 FM,FM,WESM,"Your Source for Jazz, Blues & NPR News",,Jazz,1,True
939,WTMD,FM,WTMD,Radio for Music People  -- 89.7 WTMD,,Adult Album Alternative,1,True
373,Classical WETA,FM,WGMS,Classical for Washington,Classical WETA,Classical,1,True
716,XPN,FM,WKHS,It's All About The Music,,Grade School (K-12),15,False
169,Alaska Public Media,FM,KSKA,Connecting Alaskans. Life Informed.,Alaska Public Media,,1,False
195,KTOO,FM,KTOO,Juneau's 24 hour news station,,Public Radio,9,False
196,KUAC,FM,KUAC,Public Radio for Alaska's Interior,,Public Radio,9,False
731,KNBA,FM,KNBA,Koahnic Broadcast Corporation,,Variety,9,True
816,KYUK,AM,KYUK,Bethel Broadcasting,,Public Radio,9,False
736,KBBI,AM,KBBI,Where the Sound Meets the Sea,,Public Radio,9,False
743,KIAL,FM,KUCB,Unalaska Community Broadcasting,,Public Radio,9,False
730,KDLL,FM,KDLL,Public Radio for the Central Kenai Peninsula,,Public Radio,9,False
1005,KRNN,FM,KRNN,Music and Arts from Alaska's Capital City,,Public Radio,9,False
1372,KDLG 670AM,FM,KDLG,Public Radio for Alaska's Bristol Bay,KDLG 670AM,Public Radio,9,False
820,Kotzebue Broadcasting,AM,KOTZ,The Voice of Northwest Alaska,,Public Radio,9,False
1422,KSKO,FM,KNKO,Kuskokwin Public Broadcasting,KSKO,Public Radio,9,False
1479,KODK-FM,FM,KODK,,,Public Radio,9,False
1491,KUUK-FM,FM,KUUK,,,Public Radio,9,False
1493,KORI-FM,FM,KORI,,,Public Radio,9,False
1496,KZNC-FM,FM,KZNC,,,Public Radio,9,False
1539,KNSA-AM,AM,KNSA,,,Public Radio,9,False
1540,KZPA-AM,AM,KZPA,,,Public Radio,9,False
1576,KTYU-FM,FM,KTYU,,,Public Radio,9,False
1582,KNIB-FM,FM,KNIB,,,Unknown Format,9,True
1726,KHUU-FM,FM,KHUU,,,Public Radio,9,False
1727,KSYU-FM,FM,KSYU,,,Public Radio,9,False
1728,KKET-FM,FM,KKET,,,Public Radio,9,False
18,KBRW,AM,KBRW,Public Radio from the Top of the World,,Public Radio,9,False
846,KSDP,AM,KSDP,Alaska Broadcasters Association,,Public Radio,9,False
152,KRBD,FM,KRBD,Ketchikan's Public Radio,,Public Radio,9,False
745,KSTK,FM,KSTK,Stikine River Radio,,Public Radio,9,False
734,KIYU,AM,KIYU,Big River Public Broadcasting Corp,,Public Radio,9,False
735,KHNS,FM,KHNS,The Voice of the Upper Lynn Canal,,Public Radio,9,False
739,KFSK,FM,KFSK,"Fish Head Community Radio, Petersburg, Alaska",,Public Radio,9,False
740,KCAW,FM,KCAW,Raven Radio Foundation,,Public Radio,9,False
741,KUHB,FM,KUHB,Voice of the Pribilof's,,Public Radio,9,False
742,KTNA,FM,KTNA,Talkeetna Community Radio Inc.,,Public Radio,9,False
744,KCHU,AM,KCHU,Public Radio for Prince William Sound and the Copper River Valley,,Public Radio,9,False
732,KCUK,FM,KCUK,The Native American Radio Service,,Public Radio,9,False
737,KMXT,FM,KMXT,Public Radio for the Kodiak Community.,,Public Radio,9,False
333,The Public's Radio,FM,WNPN,89.3 FM in Rhode Island and The Southcoast,The Public's Radio,,1,False
